"Status","Start Time","Stop Time","Duration in ms","Parent Suite","Suite","Sub Suite","Test Class","Test Method","Name","Description"
"passed","Tue Oct 06 10:18:37 UTC 2026","Tue Oct 06 10:18:37 UTC 2026","310","tests","test_api_pieces","","","","test_lister_pieces_contient_la_piece_creee",""
"passed","Tue Oct 06 10:18:37 UTC 2026","Tue Oct 06 10:18:37 UTC 2026","9","tests","test_api_pieces","","","","test_mouvement_entree_augmente_le_stock",""
"passed","Tue Oct 06 10:18:35 UTC 2026","Tue Oct 06 10:18:36 UTC 2026","806","tests","test_api_auth","","","","test_chaque_compte_peut_se_connecter[compte_verif_1-Motdepasse1!]",""
"passed","Tue Oct 06 10:18:38 UTC 2026","Tue Oct 06 10:18:38 UTC 2026","172","tests","test_config_externe","","","","test_creation_piece_depuis_config[piece_attendue1]","
    Un seul test, rejoué automatiquement pour chaque entrée de
    ""pieces_test"" dans le fichier JSON — ajouter une pièce au
    fichier de config crée un nouveau cas de test, sans toucher
    à ce fichier Python.
    "
"passed","Tue Oct 06 10:18:40 UTC 2026","Tue Oct 06 10:18:41 UTC 2026","872","tests","test_ui_pieces","","","","test_connexion_echouee_affiche_erreur[chromium]",""
"passed","Tue Oct 06 10:18:37 UTC 2026","Tue Oct 06 10:18:38 UTC 2026","305","tests","test_api_pieces","","","","test_mouvement_sortie_diminue_le_stock",""
"passed","Tue Oct 06 10:18:37 UTC 2026","Tue Oct 06 10:18:37 UTC 2026","2","tests","test_api_pieces","","","","test_creer_piece_quantite_negative",""
"passed","Tue Oct 06 10:18:36 UTC 2026","Tue Oct 06 10:18:37 UTC 2026","524","tests","test_api_auth","","","","test_chaque_compte_peut_se_connecter[compte_verif_3-Motdepasse3!]",""
"passed","Tue Oct 06 10:18:41 UTC 2026","Tue Oct 06 10:18:41 UTC 2026","895","tests","test_ui_pieces","","","","test_deconnexion_revient_a_lecran_de_login[chromium]",""
"passed","Tue Oct 06 10:18:42 UTC 2026","Tue Oct 06 10:18:44 UTC 2026","1175","tests","test_ui_pieces","","","","test_creer_piece_via_formulaire[chromium]",""
"passed","Tue Oct 06 10:18:38 UTC 2026","Tue Oct 06 10:18:38 UTC 2026","6","tests","test_api_pieces","","","","test_mouvement_quantite_negative_est_refuse",""
"passed","Tue Oct 06 10:18:37 UTC 2026","Tue Oct 06 10:18:37 UTC 2026","227","tests","test_api_pieces","","","","test_login_mauvais_mot_de_passe_est_refuse",""
"passed","Tue Oct 06 10:18:38 UTC 2026","Tue Oct 06 10:18:38 UTC 2026","10","tests","test_api_pieces","","","","test_mouvement_sortie_stock_insuffisant_est_refuse",""
"passed","Tue Oct 06 10:18:38 UTC 2026","Tue Oct 06 10:18:38 UTC 2026","140","tests","test_mon_nouveau_test","","","","test_ajout_stock_en_boucle_avec_timeout",""
"passed","Tue Oct 06 10:18:39 UTC 2026","Tue Oct 06 10:18:40 UTC 2026","955","tests","test_ui_pieces","","","","test_connexion_reussie_affiche_lappli[chromium]",""
"passed","Tue Oct 06 10:18:37 UTC 2026","Tue Oct 06 10:18:37 UTC 2026","9","tests","test_api_pieces","","","","test_modifier_designation_piece",""
"passed","Tue Oct 06 10:18:38 UTC 2026","Tue Oct 06 10:18:38 UTC 2026","92","tests","test_config_externe","","","","test_creation_piece_depuis_config[piece_attendue0]","
    Un seul test, rejoué automatiquement pour chaque entrée de
    ""pieces_test"" dans le fichier JSON — ajouter une pièce au
    fichier de config crée un nouveau cas de test, sans toucher
    à ce fichier Python.
    "
"passed","Tue Oct 06 10:18:37 UTC 2026","Tue Oct 06 10:18:37 UTC 2026","20","tests","test_api_pieces","","","","test_creer_piece_reference_dupliquee",""
"passed","Tue Oct 06 10:18:35 UTC 2026","Tue Oct 06 10:18:35 UTC 2026","233","tests","test_api_auth","","","","test_creer_utilisateur_deja_existant_est_refuse",""
"passed","Tue Oct 06 10:18:46 UTC 2026","Tue Oct 06 10:18:47 UTC 2026","1119","tests","test_ui_pieces","","","","test_sortie_stock_insuffisant_affiche_erreur[chromium]",""
"passed","Tue Oct 06 10:18:42 UTC 2026","Tue Oct 06 10:18:42 UTC 2026","866","tests","test_ui_pieces","","","","test_page_charge_correctement[chromium]",""
"passed","Tue Oct 06 10:18:37 UTC 2026","Tue Oct 06 10:18:37 UTC 2026","36","tests","test_api_pieces","","","","test_modifier_seuil_alerte",""
"passed","Tue Oct 06 10:18:37 UTC 2026","Tue Oct 06 10:18:37 UTC 2026","4","tests","test_api_pieces","","","","test_obtenir_piece_inexistante_renvoie_404",""
"passed","Tue Oct 06 10:18:36 UTC 2026","Tue Oct 06 10:18:36 UTC 2026","458","tests","test_api_auth","","","","test_chaque_compte_peut_se_connecter[compte_verif_2-Motdepasse2!]",""
"passed","Tue Oct 06 10:18:35 UTC 2026","Tue Oct 06 10:18:35 UTC 2026","3","tests","test_api_auth","","","","test_creer_utilisateur_sans_authentification_est_refuse",""
"passed","Tue Oct 06 10:18:44 UTC 2026","Tue Oct 06 10:18:45 UTC 2026","1128","tests","test_ui_pieces","","","","test_creer_piece_reference_dupliquee_affiche_erreur[chromium]",""
"passed","Tue Oct 06 10:18:38 UTC 2026","Tue Oct 06 10:18:38 UTC 2026","20","tests","test_api_pieces","","","","test_historique_mouvements_enregistre_les_mouvements",""
"passed","Tue Oct 06 10:18:34 UTC 2026","Tue Oct 06 10:18:35 UTC 2026","287","tests","test_api_auth","","","","test_creer_utilisateur_succes",""
"passed","Tue Oct 06 10:18:37 UTC 2026","Tue Oct 06 10:18:37 UTC 2026","12","tests","test_api_pieces","","","","test_creer_piece_succes",""
"passed","Tue Oct 06 10:18:45 UTC 2026","Tue Oct 06 10:18:46 UTC 2026","1210","tests","test_ui_pieces","","","","test_alerte_stock_bas_saffiche[chromium]",""
"passed","Tue Oct 06 10:18:37 UTC 2026","Tue Oct 06 10:18:37 UTC 2026","2","tests","test_api_pieces","","","","test_acces_sans_token_est_refuse",""
"passed","Tue Oct 06 10:18:37 UTC 2026","Tue Oct 06 10:18:37 UTC 2026","47","tests","test_api_pieces","","","","test_supprimer_piece",""
